,Date,location_key,new_hospitalized_patients,cumulative_hospitalized_patients,current_hospitalized_patients,new_intensive_care_patients,cumulative_intensive_care_patients,current_intensive_care_patients,current_ventilator_patients,location_key,new_persons_vaccinated,cumulative_persons_vaccinated,new_persons_fully_vaccinated,cumulative_persons_fully_vaccinated,new_vaccine_doses_administered,cumulative_vaccine_doses_administered,location_key,new_confirmed,new_deceased,new_recovered,new_tested,cumulative_confirmed,cumulative_deceased,cumulative_recovered,cumulative_tested
0,2021-01-27,AR,579,248829,0,111,40216,0,0,AR,557,39246,853,7896,1410,47142,AR,9885,189,0,42395,1933339,51014,0,5366199
1,2021-01-27,AR,579,248829,0,111,40216,0,0,AR,557,39246,853,7896,1410,47142,AR,4539,115,0,28866,2134726,55335,0,6536361
2,2021-01-27,AR,579,248829,0,111,40216,0,0,AR,557,39246,853,7896,1410,47142,AR,9525,120,0,35832,2340168,58790,0,7514989
3,2021-01-27,AR,579,248829,0,111,40216,0,0,AR,557,39246,853,7896,1410,47142,AR,24873,467,0,67174,2982484,67704,0,9347689
4,2021-01-27,AR,579,248829,0,111,40216,0,0,AR,557,39246,853,7896,1410,47142,AR,39901,628,0,86684,3763142,82512,0,11247873
5,2021-01-27,AR,579,248829,0,111,40216,0,0,AR,557,39246,853,7896,1410,47142,AR,8775,356,0,27323,4481743,99485,0,13138095
6,2021-01-27,AR,579,248829,0,111,40216,0,0,AR,557,39246,853,7896,1410,47142,AR,15475,226,0,62536,4938520,109037,0,14843236
7,2021-01-27,AR,579,248829,0,111,40216,0,0,AR,557,39246,853,7896,1410,47142,AR,4904,111,0,61945,5206506,114213,0,16622269
8,2021-01-27,AR,579,248829,0,111,40216,0,0,AR,557,39246,853,7896,1410,47142,AR,1563,37,0,42164,5276136,116136,0,17883463
9,2021-01-27,AR,579,248829,0,111,40216,0,0,AR,557,39246,853,7896,1410,47142,AR,1353,15,0,35809,5305520,116600,0,18837171
10,2021-01-27,AR,579,248829,0,111,40216,0,0,AR,557,39246,853,7896,1410,47142,AR,1361,11,0,20645,5345711,116927,0,19678231
11,2021-01-27,AR,579,248829,0,111,40216,0,0,AR,557,39246,853,7896,1410,47142,AR,37421,31,0,101951,5544836,117462,0,20840125
12,2021-01-18,AR,556,243801,0,95,39171,0,0,AR,1438,33324,2,11,1440,33335,AR,12017,186,0,45678,1848894,49315,0,5011712
13,2021-01-25,AR,622,247644,0,126,39975,0,0,AR,1059,37972,1032,5974,2091,43946,AR,10040,184,0,41236,1913150,50634,0,5282963
14,2021-01-18,AR,556,243801,0,95,39171,0,0,AR,1438,33324,2,11,1440,33335,AR,7857,145,0,46426,2079577,54219,0,6209989
15,2021-01-25,AR,622,247644,0,126,39975,0,0,AR,1059,37972,1032,5974,2091,43946,AR,7030,129,0,36229,2123518,55112,0,6468857
16,2021-01-18,AR,556,243801,0,95,39171,0,0,AR,1438,33324,2,11,1440,33335,AR,7940,115,0,38658,2260755,57630,0,7182761
17,2021-01-25,AR,622,247644,0,126,39975,0,0,AR,1059,37972,1032,5974,2091,43946,AR,11530,133,0,45179,2317574,58538,0,7428965
18,2021-01-18,AR,556,243801,0,95,39171,0,0,AR,1438,33324,2,11,1440,33335,AR,12552,381,0,35986,2765329,63866,0,8784631
19,2021-01-25,AR,622,247644,0,126,39975,0,0,AR,1059,37972,1032,5974,2091,43946,AR,10257,413,0,29586,2931356,66768,0,9214914
20,2021-01-18,AR,556,243801,0,95,39171,0,0,AR,1438,33324,2,11,1440,33335,AR,41043,515,0,91925,3476396,77501,0,10606131
21,2021-01-25,AR,622,247644,0,126,39975,0,0,AR,1059,37972,1032,5974,2091,43946,AR,24948,579,0,52637,3681832,81267,0,11076013
22,2021-01-18,AR,556,243801,0,95,39171,0,0,AR,1438,33324,2,11,1440,33335,AR,20105,538,0,60720,4327793,95473,0,12697930
23,2021-01-25,AR,622,247644,0,126,39975,0,0,AR,1059,37972,1032,5974,2091,43946,AR,23724,438,0,70372,4457358,98721,0,13066051
24,2021-01-18,AR,556,243801,0,95,39171,0,0,AR,1438,33324,2,11,1440,33335,AR,5669,273,0,27071,4818292,106712,0,14320260
25,2021-01-25,AR,622,247644,0,126,39975,0,0,AR,1059,37972,1032,5974,2091,43946,AR,5729,217,0,29127,4906324,108575,0,14709911
26,2021-01-18,AR,556,243801,0,95,39171,0,0,AR,1438,33324,2,11,1440,33335,AR,8549,145,0,67192,5155698,113144,0,16100914
27,2021-01-25,AR,622,247644,0,126,39975,0,0,AR,1059,37972,1032,5974,2091,43946,AR,5232,106,0,62603,5196263,113999,0,16498448
28,2021-01-18,AR,556,243801,0,95,39171,0,0,AR,1438,33324,2,11,1440,33335,AR,1035,50,0,28649,5264867,115825,0,17573280
29,2021-01-25,AR,622,247644,0,126,39975,0,0,AR,1059,37972,1032,5974,2091,43946,AR,879,21,0,24447,5274104,116068,0,17823918
30,2021-01-18,AR,556,243801,0,95,39171,0,0,AR,1438,33324,2,11,1440,33335,AR,1218,10,0,40457,5295069,116486,0,18536266
31,2021-01-25,AR,622,247644,0,126,39975,0,0,AR,1059,37972,1032,5974,2091,43946,AR,1416,13,0,39456,5302796,116574,0,18761454
32,2021-01-18,AR,556,243801,0,95,39171,0,0,AR,1438,33324,2,11,1440,33335,AR,1570,9,0,32900,5331896,116807,0,19455488
33,2021-01-25,AR,622,247644,0,126,39975,0,0,AR,1059,37972,1032,5974,2091,43946,AR,2095,15,0,31258,5342351,116900,0,19626182
34,2021-01-18,AR,556,243801,0,95,39171,0,0,AR,1438,33324,2,11,1440,33335,AR,4450,14,0,31362,5410404,117265,0,20338152
35,2021-01-25,AR,622,247644,0,126,39975,0,0,AR,1059,37972,1032,5974,2091,43946,AR,7090,21,0,19401,5492700,117410,0,20694657
36,2021-01-05,AR,650,236074,0,113,37776,0,0,AR,1514,9456,0,1,1514,9457,AR,14083,160,0,46793,1703515,47162,0,4475600
37,2021-01-05,AR,650,236074,0,113,37776,0,0,AR,1514,9456,0,1,1514,9457,AR,7685,166,0,39264,2004147,52456,0,5736589
38,2021-01-05,AR,650,236074,0,113,37776,0,0,AR,1514,9456,0,1,1514,9457,AR,7199,140,0,36457,2173809,56090,0,6742786
39,2021-01-05,AR,650,236074,0,113,37776,0,0,AR,1514,9456,0,1,1514,9457,AR,23211,190,0,70386,2465087,60259,0,7928415
40,2021-01-05,AR,650,236074,0,113,37776,0,0,AR,1514,9456,0,1,1514,9457,AR,25399,424,0,66293,3153102,71348,0,9811982
41,2021-01-05,AR,650,236074,0,113,37776,0,0,AR,1514,9456,0,1,1514,9457,AR,19347,604,0,49441,4029123,88037,0,11883454
42,2021-01-05,AR,650,236074,0,113,37776,0,0,AR,1514,9456,0,1,1514,9457,AR,21983,386,0,69567,4625826,102587,0,13580160
43,2021-01-05,AR,650,236074,0,113,37776,0,0,AR,1514,9456,0,1,1514,9457,AR,12483,217,0,70831,5049359,110887,0,15390668
44,2021-01-05,AR,650,236074,0,113,37776,0,0,AR,1514,9456,0,1,1514,9457,AR,1292,65,0,21833,5236886,115049,0,17022166
45,2021-01-05,AR,650,236074,0,113,37776,0,0,AR,1514,9456,0,1,1514,9457,AR,1067,15,0,38524,5284453,116295,0,18152974
46,2021-01-05,AR,650,236074,0,113,37776,0,0,AR,1514,9456,0,1,1514,9457,AR,1218,6,0,30529,5315718,116687,0,19103241
47,2021-01-05,AR,650,236074,0,113,37776,0,0,AR,1514,9456,0,1,1514,9457,AR,1092,14,0,15345,5361013,117045,0,19886114
48,2021-01-19,AR,597,244398,0,121,39292,0,0,AR,1146,34470,742,753,1888,35223,AR,12035,170,0,48327,1860929,49485,0,5060039
49,2021-01-19,AR,597,244398,0,121,39292,0,0,AR,1146,34470,742,753,1888,35223,AR,7480,133,0,44341,2087057,54352,0,6254330
50,2021-01-19,AR,597,244398,0,121,39292,0,0,AR,1146,34470,742,753,1888,35223,AR,8329,122,0,40509,2269084,57752,0,7223270
51,2021-01-19,AR,597,244398,0,121,39292,0,0,AR,1146,34470,742,753,1888,35223,AR,29098,409,0,73450,2794427,64275,0,8858081
52,2021-01-19,AR,597,244398,0,121,39292,0,0,AR,1146,34470,742,753,1888,35223,AR,36228,500,0,84584,3512624,78001,0,10690715
53,2021-01-19,AR,597,244398,0,121,39292,0,0,AR,1146,34470,742,753,1888,35223,AR,13715,525,0,41236,4341508,95998,0,12739166
54,2021-01-19,AR,597,244398,0,121,39292,0,0,AR,1146,34470,742,753,1888,35223,AR,15978,287,0,63282,4834270,106999,0,14383542
55,2021-01-19,AR,597,244398,0,121,39292,0,0,AR,1146,34470,742,753,1888,35223,AR,7574,137,0,66090,5163272,113281,0,16167004
56,2021-01-19,AR,597,244398,0,121,39292,0,0,AR,1146,34470,742,753,1888,35223,AR,532,49,0,19699,5265399,115874,0,17592979
57,2021-01-19,AR,597,244398,0,121,39292,0,0,AR,1146,34470,742,753,1888,35223,AR,1154,15,0,37595,5296223,116501,0,18573861
58,2021-01-19,AR,597,244398,0,121,39292,0,0,AR,1146,34470,742,753,1888,35223,AR,1528,16,0,29431,5333424,116823,0,19484919
59,2021-01-19,AR,597,244398,0,121,39292,0,0,AR,1146,34470,742,753,1888,35223,AR,2999,16,0,21425,5413403,117281,0,20359577
60,2021-01-24,AR,394,247022,0,89,39849,0,0,AR,11,36913,30,4942,41,41855,AR,3769,192,0,21301,1903110,50450,0,5241727
61,2021-01-24,AR,394,247022,0,89,39849,0,0,AR,11,36913,30,4942,41,41855,AR,7016,118,0,39726,2116488,54983,0,6432628
62,2021-01-24,AR,394,247022,0,89,39849,0,0,AR,11,36913,30,4942,41,41855,AR,7130,150,0,28276,2306044,58405,0,7383786
63,2021-01-24,AR,394,247022,0,89,39849,0,0,AR,11,36913,30,4942,41,41855,AR,17887,397,0,41754,2921099,66355,0,9185328
64,2021-01-24,AR,394,247022,0,89,39849,0,0,AR,11,36913,30,4942,41,41855,AR,30093,557,0,64666,3656884,80688,0,11023376
65,2021-01-24,AR,394,247022,0,89,39849,0,0,AR,11,36913,30,4942,41,41855,AR,23351,438,0,64904,4433634,98283,0,12995679
66,2021-01-24,AR,394,247022,0,89,39849,0,0,AR,11,36913,30,4942,41,41855,AR,9719,263,0,44911,4900595,108358,0,14680784
67,2021-01-24,AR,394,247022,0,89,39849,0,0,AR,11,36913,30,4942,41,41855,AR,6346,115,0,64685,5191031,113893,0,16435845
68,2021-01-24,AR,394,247022,0,89,39849,0,0,AR,11,36913,30,4942,41,41855,AR,1363,31,0,38472,5273225,116047,0,17799471
69,2021-01-24,AR,394,247022,0,89,39849,0,0,AR,11,36913,30,4942,41,41855,AR,505,8,0,15203,5301380,116561,0,18721998
70,2021-01-24,AR,394,247022,0,89,39849,0,0,AR,11,36913,30,4942,41,41855,AR,2104,18,0,30839,5340256,116885,0,19594924
71,2021-01-24,AR,394,247022,0,89,39849,0,0,AR,11,36913,30,4942,41,41855,AR,14742,24,0,56836,5485610,117389,0,20675256
72,2021-01-22,AR,524,246200,0,94,39660,0,0,AR,731,36737,526,4486,1257,41223,AR,9963,184,0,41190,1892665,50082,0,5189604
73,2021-01-22,AR,524,246200,0,94,39660,0,0,AR,731,36737,526,4486,1257,41223,AR,7421,138,0,41864,2102342,54736,0,6352023
74,2021-01-22,AR,524,246200,0,94,39660,0,0,AR,731,36737,526,4486,1257,41223,AR,10048,144,0,41243,2288194,58116,0,7311008
75,2021-01-22,AR,524,246200,0,94,39660,0,0,AR,731,36737,526,4486,1257,41223,AR,26061,421,0,69035,2877226,65499,0,9072512
76,2021-01-22,AR,524,246200,0,94,39660,0,0,AR,731,36737,526,4486,1257,41223,AR,25404,512,0,55703,3611639,79572,0,10925133
77,2021-01-22,AR,524,246200,0,94,39660,0,0,AR,731,36737,526,4486,1257,41223,AR,24812,481,0,65542,4386233,97414,0,12863431
78,2021-01-22,AR,524,246200,0,94,39660,0,0,AR,731,36737,526,4486,1257,41223,AR,13696,249,0,64518,4876035,107820,0,14572432
79,2021-01-22,AR,524,246200,0,94,39660,0,0,AR,731,36737,526,4486,1257,41223,AR,2522,112,0,28513,5177573,113655,0,16304555
80,2021-01-22,AR,524,246200,0,94,39660,0,0,AR,731,36737,526,4486,1257,41223,AR,1567,34,0,42408,5270486,115983,0,17720630
81,2021-01-22,AR,524,246200,0,94,39660,0,0,AR,731,36737,526,4486,1257,41223,AR,1331,10,0,36625,5300138,116541,0,18685152
82,2021-01-22,AR,524,246200,0,94,39660,0,0,AR,731,36737,526,4486,1257,41223,AR,862,6,0,15885,5335930,116852,0,19532106
83,2021-01-22,AR,524,246200,0,94,39660,0,0,AR,731,36737,526,4486,1257,41223,AR,16832,22,0,69833,5451661,117339,0,20538920
84,2021-01-23,AR,428,246628,0,100,39760,0,0,AR,165,36902,426,4912,591,41814,AR,6676,176,0,30822,1899341,50258,0,5220426
85,2021-01-23,AR,428,246628,0,100,39760,0,0,AR,165,36902,426,4912,591,41814,AR,7130,129,0,40879,2109472,54865,0,6392902
86,2021-01-23,AR,428,246628,0,100,39760,0,0,AR,165,36902,426,4912,591,41814,AR,10720,139,0,44502,2298914,58255,0,7355510
87,2021-01-23,AR,428,246628,0,100,39760,0,0,AR,165,36902,426,4912,591,41814,AR,25986,459,0,71062,2903212,65958,0,9143574
88,2021-01-23,AR,428,246628,0,100,39760,0,0,AR,165,36902,426,4912,591,41814,AR,15152,559,0,33577,3626791,80131,0,10958710
89,2021-01-23,AR,428,246628,0,100,39760,0,0,AR,165,36902,426,4912,591,41814,AR,24050,431,0,67344,4410283,97845,0,12930775
90,2021-01-23,AR,428,246628,0,100,39760,0,0,AR,165,36902,426,4912,591,41814,AR,14841,275,0,63441,4890876,108095,0,14635873
91,2021-01-23,AR,428,246628,0,100,39760,0,0,AR,165,36902,426,4912,591,41814,AR,7112,123,0,66605,5184685,113778,0,16371160
92,2021-01-23,AR,428,246628,0,100,39760,0,0,AR,165,36902,426,4912,591,41814,AR,1376,33,0,40369,5271862,116016,0,17760999
93,2021-01-23,AR,428,246628,0,100,39760,0,0,AR,165,36902,426,4912,591,41814,AR,737,12,0,21643,5300875,116553,0,18706795
94,2021-01-23,AR,428,246628,0,100,39760,0,0,AR,165,36902,426,4912,591,41814,AR,2222,15,0,31979,5338152,116867,0,19564085
95,2021-01-23,AR,428,246628,0,100,39760,0,0,AR,165,36902,426,4912,591,41814,AR,19207,26,0,79500,5470868,117365,0,20618420
96,2021-01-09,AR,553,238578,0,97,38212,0,0,AR,1420,18628,0,5,1420,18633,AR,9959,158,0,37055,1755585,47773,0,4652529
97,2021-01-09,AR,553,238578,0,97,38212,0,0,AR,1420,18628,0,5,1420,18633,AR,7758,138,0,43291,2027311,53019,0,5872147
98,2021-01-09,AR,553,238578,0,97,38212,0,0,AR,1420,18628,0,5,1420,18633,AR,7402,136,0,37675,2195893,56548,0,6858321
99,2021-01-09,AR,553,238578,0,97,38212,0,0,AR,1420,18628,0,5,1420,18633,AR,25890,208,0,73078,2568522,61149,0,8234879
100,2021-01-09,AR,553,238578,0,97,38212,0,0,AR,1420,18628,0,5,1420,18633,AR,9483,440,0,27094,3224144,73174,0,10007899
101,2021-01-09,AR,553,238578,0,97,38212,0,0,AR,1420,18628,0,5,1420,18633,AR,28029,586,0,73038,4130743,90501,0,12143328
102,2021-01-09,AR,553,238578,0,97,38212,0,0,AR,1420,18628,0,5,1420,18633,AR,11500,343,0,42656,4694767,104017,0,13833167
103,2021-01-09,AR,553,238578,0,97,38212,0,0,AR,1420,18628,0,5,1420,18633,AR,12207,191,0,65330,5086242,111637,0,15600352
104,2021-01-09,AR,553,238578,0,97,38212,0,0,AR,1420,18628,0,5,1420,18633,AR,2488,78,0,43439,5248644,115319,0,17212464
105,2021-01-09,AR,553,238578,0,97,38212,0,0,AR,1420,18628,0,5,1420,18633,AR,505,17,0,19195,5287338,116356,0,18264082
106,2021-01-09,AR,553,238578,0,97,38212,0,0,AR,1420,18628,0,5,1420,18633,AR,1315,13,0,32526,5319790,116724,0,19199071
107,2021-01-09,AR,553,238578,0,97,38212,0,0,AR,1420,18628,0,5,1420,18633,AR,3643,16,0,36582,5372272,117108,0,20011973
108,2021-01-01,AR,450,233586,0,87,37363,0,0,AR,15,6015,0,0,15,6015,AR,2684,140,0,8171,1662780,46522,0,4338508
109,2021-01-01,AR,450,233586,0,87,37363,0,0,AR,15,6015,0,0,15,6015,AR,8934,161,0,45965,1970544,51810,0,5562127
110,2021-01-01,AR,450,233586,0,87,37363,0,0,AR,15,6015,0,0,15,6015,AR,7464,123,0,36021,2144742,55575,0,6595921
111,2021-01-01,AR,450,233586,0,87,37363,0,0,AR,15,6015,0,0,15,6015,AR,14294,135,0,47724,2408182,59528,0,7747755
112,2021-01-01,AR,450,233586,0,87,37363,0,0,AR,15,6015,0,0,15,6015,AR,13506,497,0,39377,3066588,69558,0,9582676
113,2021-01-01,AR,450,233586,0,87,37363,0,0,AR,15,6015,0,0,15,6015,AR,35225,594,0,83492,3914455,85534,0,11591253
114,2021-01-01,AR,450,233586,0,87,37363,0,0,AR,15,6015,0,0,15,6015,AR,19507,364,0,60371,4564475,101079,0,13378230
115,2021-01-01,AR,450,233586,0,87,37363,0,0,AR,15,6015,0,0,15,6015,AR,5287,195,0,27829,4993243,110081,0,15103812
116,2021-01-01,AR,450,233586,0,87,37363,0,0,AR,15,6015,0,0,15,6015,AR,4275,96,0,58238,5225816,114721,0,16866166
117,2021-01-01,AR,450,233586,0,87,37363,0,0,AR,15,6015,0,0,15,6015,AR,1240,19,0,37772,5281287,116223,0,18039656
118,2021-01-01,AR,450,233586,0,87,37363,0,0,AR,15,6015,0,0,15,6015,AR,1242,10,0,32678,5310684,116653,0,18973537
119,2021-01-01,AR,450,233586,0,87,37363,0,0,AR,15,6015,0,0,15,6015,AR,2387,11,0,33121,5353469,116981,0,19787216
120,2021-01-26,AR,606,248250,0,130,40105,0,0,AR,717,38689,1069,7043,1786,45732,AR,10304,191,0,40841,1923454,50825,0,5323804
121,2021-01-30,AR,391,250250,0,76,40510,0,0,AR,20,39692,1148,14196,1168,53888,AR,6380,167,0,36199,1957697,51501,0,5484406
122,2021-01-26,AR,606,248250,0,130,40105,0,0,AR,717,38689,1069,7043,1786,45732,AR,6669,108,0,38638,2130187,55220,0,6507495
123,2021-01-26,AR,606,248250,0,130,40105,0,0,AR,717,38689,1069,7043,1786,45732,AR,13069,132,0,50192,2330643,58670,0,7479157
124,2021-01-30,AR,391,250250,0,76,40510,0,0,AR,20,39692,1148,14196,1168,53888,AR,15979,146,0,53906,2376756,59233,0,7642497
125,2021-01-26,AR,606,248250,0,130,40105,0,0,AR,717,38689,1069,7043,1786,45732,AR,26255,469,0,65601,2957611,67237,0,9280515
126,2021-01-30,AR,391,250250,0,76,40510,0,0,AR,20,39692,1148,14196,1168,53888,AR,23179,464,0,62201,3053082,69061,0,9543299
127,2021-01-26,AR,606,248250,0,130,40105,0,0,AR,717,38689,1069,7043,1786,45732,AR,41409,617,0,85176,3723241,81884,0,11161189
128,2021-01-30,AR,391,250250,0,76,40510,0,0,AR,20,39692,1148,14196,1168,53888,AR,14677,615,0,34584,3841884,84298,0,11428335
129,2021-01-26,AR,606,248250,0,130,40105,0,0,AR,717,38689,1069,7043,1786,45732,AR,15610,408,0,44721,4472968,99129,0,13110772
130,2021-01-30,AR,391,250250,0,76,40510,0,0,AR,20,39692,1148,14196,1168,53888,AR,20006,412,0,61431,4544968,100715,0,13317859
131,2021-01-26,AR,606,248250,0,130,40105,0,0,AR,717,38689,1069,7043,1786,45732,AR,16721,236,0,70789,4923045,108811,0,14780700
132,2021-01-30,AR,391,250250,0,76,40510,0,0,AR,20,39692,1148,14196,1168,53888,AR,13566,216,0,66237,4979313,109689,0,15030428
133,2021-01-26,AR,606,248250,0,130,40105,0,0,AR,717,38689,1069,7043,1786,45732,AR,5339,103,0,61876,5201602,114102,0,16560324
134,2021-01-30,AR,391,250250,0,76,40510,0,0,AR,20,39692,1148,14196,1168,53888,AR,5524,103,0,61433,5216764,114541,0,16747264
135,2021-01-26,AR,606,248250,0,130,40105,0,0,AR,717,38689,1069,7043,1786,45732,AR,469,31,0,17381,5274573,116099,0,17841299
136,2021-01-30,AR,391,250250,0,76,40510,0,0,AR,20,39692,1148,14196,1168,53888,AR,1279,19,0,37448,5280047,116204,0,18001884
137,2021-01-26,AR,606,248250,0,130,40105,0,0,AR,717,38689,1069,7043,1786,45732,AR,1371,11,0,39908,5304167,116585,0,18801362
138,2021-01-30,AR,391,250250,0,76,40510,0,0,AR,20,39692,1148,14196,1168,53888,AR,846,5,0,21365,5308909,116634,0,18927166
139,2021-01-26,AR,606,248250,0,130,40105,0,0,AR,717,38689,1069,7043,1786,45732,AR,1999,16,0,31404,5344350,116916,0,19657586
140,2021-01-30,AR,391,250250,0,76,40510,0,0,AR,20,39692,1148,14196,1168,53888,AR,2142,16,0,30459,5351082,116970,0,19754095
141,2021-01-26,AR,606,248250,0,130,40105,0,0,AR,717,38689,1069,7043,1786,45732,AR,14715,21,0,43517,5507415,117431,0,20738174
142,2021-01-30,AR,391,250250,0,76,40510,0,0,AR,20,39692,1148,14196,1168,53888,AR,63734,45,0,162734,5718446,117574,0,21279751
143,2021-01-07,AR,649,237403,0,100,38003,0,0,AR,2483,13390,2,3,2485,13393,AR,13720,160,0,44734,1731695,47453,0,4569127
144,2021-01-07,AR,649,237403,0,100,38003,0,0,AR,2483,13390,2,3,2485,13393,AR,2910,158,0,20789,2012174,52761,0,5787158
145,2021-01-07,AR,649,237403,0,100,38003,0,0,AR,2483,13390,2,3,2485,13393,AR,2737,107,0,17179,2181303,56291,0,6785855
146,2021-01-07,AR,649,237403,0,100,38003,0,0,AR,2483,13390,2,3,2485,13393,AR,26226,238,0,80455,2516511,60708,0,8085763
147,2021-01-07,AR,649,237403,0,100,38003,0,0,AR,2483,13390,2,3,2485,13393,AR,23246,451,0,65216,3198839,72260,0,9938992
148,2021-01-07,AR,649,237403,0,100,38003,0,0,AR,2483,13390,2,3,2485,13393,AR,32048,631,0,78645,4072875,89278,0,11994511
149,2021-01-07,AR,649,237403,0,100,38003,0,0,AR,2483,13390,2,3,2485,13393,AR,18789,355,0,68142,4664011,103301,0,13717382
150,2021-01-07,AR,649,237403,0,100,38003,0,0,AR,2483,13390,2,3,2485,13393,AR,7513,170,0,43222,5069492,111267,0,15506097
151,2021-01-07,AR,649,237403,0,100,38003,0,0,AR,2483,13390,2,3,2485,13393,AR,3060,63,0,50486,5243627,115187,0,17125899
152,2021-01-07,AR,649,237403,0,100,38003,0,0,AR,2483,13390,2,3,2485,13393,AR,861,20,0,33669,5286341,116331,0,18224953
153,2021-01-07,AR,649,237403,0,100,38003,0,0,AR,2483,13390,2,3,2485,13393,AR,576,8,0,13277,5317143,116703,0,19135845
154,2021-01-07,AR,649,237403,0,100,38003,0,0,AR,2483,13390,2,3,2485,13393,AR,2989,19,0,34503,5366973,117080,0,19955403
155,2021-01-03,AR,504,234665,0,89,37557,0,0,AR,52,6477,0,0,52,6477,AR,4934,157,0,21208,1675480,46845,0,4385375
156,2021-01-03,AR,504,234665,0,89,37557,0,0,AR,52,6477,0,0,52,6477,AR,8659,154,0,45628,1988350,52125,0,5657308
157,2021-01-03,AR,504,234665,0,89,37557,0,0,AR,52,6477,0,0,52,6477,AR,7504,122,0,37177,2159490,55838,0,6670941
158,2021-01-03,AR,504,234665,0,89,37557,0,0,AR,52,6477,0,0,52,6477,AR,13333,180,0,40625,2432747,59884,0,7823640
159,2021-01-03,AR,504,234665,0,89,37557,0,0,AR,52,6477,0,0,52,6477,AR,26598,487,0,68135,3102276,70505,0,9678359
160,2021-01-03,AR,504,234665,0,89,37557,0,0,AR,52,6477,0,0,52,6477,AR,31903,655,0,79908,3979358,86828,0,11751904
161,2021-01-03,AR,504,234665,0,89,37557,0,0,AR,52,6477,0,0,52,6477,AR,12766,373,0,42474,4596168,101851,0,13485552
162,2021-01-03,AR,504,234665,0,89,37557,0,0,AR,52,6477,0,0,52,6477,AR,14255,191,0,72783,5023056,110459,0,15250599
163,2021-01-03,AR,504,234665,0,89,37557,0,0,AR,52,6477,0,0,52,6477,AR,3818,98,0,51483,5233534,114913,0,16969165
164,2021-01-03,AR,504,234665,0,89,37557,0,0,AR,52,6477,0,0,52,6477,AR,332,13,0,15203,5282219,116259,0,18076564
165,2021-01-03,AR,504,234665,0,89,37557,0,0,AR,52,6477,0,0,52,6477,AR,1233,12,0,33535,5313170,116677,0,19040119
166,2021-01-03,AR,504,234665,0,89,37557,0,0,AR,52,6477,0,0,52,6477,AR,2227,17,0,28357,5358246,117015,0,19849830
167,2021-01-21,AR,672,245676,0,144,39566,0,0,AR,687,36006,1271,3960,1958,39966,AR,10398,219,0,43018,1882702,49898,0,5148414
168,2021-01-21,AR,672,245676,0,144,39566,0,0,AR,687,36006,1271,3960,1958,39966,AR,2981,131,0,22732,2094921,54598,0,6310159
169,2021-01-21,AR,672,245676,0,144,39566,0,0,AR,687,36006,1271,3960,1958,39966,AR,3209,91,0,18386,2278146,57972,0,7269765
170,2021-01-21,AR,672,245676,0,144,39566,0,0,AR,687,36006,1271,3960,1958,39966,AR,27476,435,0,69526,2851165,65078,0,9003477
171,2021-01-21,AR,672,245676,0,144,39566,0,0,AR,687,36006,1271,3960,1958,39966,AR,36869,524,0,89901,3586235,79060,0,10869430
172,2021-01-21,AR,672,245676,0,144,39566,0,0,AR,687,36006,1271,3960,1958,39966,AR,12888,471,0,37003,4361421,96933,0,12797889
173,2021-01-21,AR,672,245676,0,144,39566,0,0,AR,687,36006,1271,3960,1958,39966,AR,13665,278,0,62167,4862339,107571,0,14507914
174,2021-01-21,AR,672,245676,0,144,39566,0,0,AR,687,36006,1271,3960,1958,39966,AR,4479,115,0,42907,5175051,113543,0,16276042
175,2021-01-21,AR,672,245676,0,144,39566,0,0,AR,687,36006,1271,3960,1958,39966,AR,1414,39,0,39323,5268919,115949,0,17678222
176,2021-01-21,AR,672,245676,0,144,39566,0,0,AR,687,36006,1271,3960,1958,39966,AR,1343,19,0,37092,5298807,116531,0,18648527
177,2021-01-21,AR,672,245676,0,144,39566,0,0,AR,687,36006,1271,3960,1958,39966,AR,693,8,0,11989,5335068,116846,0,19516221
178,2021-01-21,AR,672,245676,0,144,39566,0,0,AR,687,36006,1271,3960,1958,39966,AR,11925,15,0,57037,5434829,117317,0,20469087
179,2021-01-04,AR,759,235424,0,106,37663,0,0,AR,1465,7942,1,1,1466,7943,AR,13952,157,0,43432,1689432,47002,0,4428807
180,2021-01-16,AR,516,242759,0,98,38989,0,0,AR,840,31743,0,8,840,31751,AR,8426,174,0,38319,1831927,48949,0,4940378
181,2021-01-04,AR,759,235424,0,106,37663,0,0,AR,1465,7942,1,1,1466,7943,AR,8112,165,0,40017,1996462,52290,0,5697325
182,2021-01-16,AR,516,242759,0,98,38989,0,0,AR,840,31743,0,8,840,31751,AR,3550,105,0,31743,2063833,53943,0,6117513
183,2021-01-04,AR,759,235424,0,106,37663,0,0,AR,1465,7942,1,1,1466,7943,AR,7120,112,0,35388,2166610,55950,0,6706329
184,2021-01-16,AR,516,242759,0,98,38989,0,0,AR,840,31743,0,8,840,31751,AR,8521,104,0,40901,2244602,57398,0,7104317
185,2021-01-04,AR,759,235424,0,106,37663,0,0,AR,1465,7942,1,1,1466,7943,AR,9129,185,0,34389,2441876,60069,0,7858029
186,2021-01-16,AR,516,242759,0,98,38989,0,0,AR,840,31743,0,8,840,31751,AR,27653,351,0,78615,2734491,63133,0,8696188
187,2021-01-04,AR,759,235424,0,106,37663,0,0,AR,1465,7942,1,1,1466,7943,AR,25427,419,0,67330,3127703,70924,0,9745689
188,2021-01-16,AR,516,242759,0,98,38989,0,0,AR,840,31743,0,8,840,31751,AR,13011,455,0,31040,3398045,76449,0,10427405
189,2021-01-04,AR,759,235424,0,106,37663,0,0,AR,1465,7942,1,1,1466,7943,AR,30418,605,0,82109,4009776,87433,0,11834013
190,2021-01-16,AR,516,242759,0,98,38989,0,0,AR,840,31743,0,8,840,31751,AR,23050,523,0,67936,4287120,94397,0,12573170
191,2021-01-04,AR,759,235424,0,106,37663,0,0,AR,1465,7942,1,1,1466,7943,AR,7675,350,0,25041,4603843,102201,0,13510593
192,2021-01-16,AR,516,242759,0,98,38989,0,0,AR,840,31743,0,8,840,31751,AR,15899,300,0,67570,4802743,106147,0,14248889
193,2021-01-04,AR,759,235424,0,106,37663,0,0,AR,1465,7942,1,1,1466,7943,AR,13820,211,0,69238,5036876,110670,0,15319837
194,2021-01-16,AR,516,242759,0,98,38989,0,0,AR,840,31743,0,8,840,31751,AR,4603,147,0,35180,5137589,112821,0,15966865
195,2021-01-04,AR,759,235424,0,106,37663,0,0,AR,1465,7942,1,1,1466,7943,AR,2060,71,0,31168,5235594,114984,0,17000333
196,2021-01-16,AR,516,242759,0,98,38989,0,0,AR,840,31743,0,8,840,31751,AR,2039,49,0,43931,5261858,115729,0,17499286
197,2021-01-04,AR,759,235424,0,106,37663,0,0,AR,1465,7942,1,1,1466,7943,AR,1167,21,0,37886,5283386,116280,0,18114450
198,2021-01-16,AR,516,242759,0,98,38989,0,0,AR,840,31743,0,8,840,31751,AR,619,14,0,24471,5293513,116455,0,18480421
199,2021-01-04,AR,759,235424,0,106,37663,0,0,AR,1465,7942,1,1,1466,7943,AR,1330,4,0,32593,5314500,116681,0,19072712
200,2021-01-16,AR,516,242759,0,98,38989,0,0,AR,840,31743,0,8,840,31751,AR,1419,16,0,30715,5328809,116793,0,19390433
201,2021-01-04,AR,759,235424,0,106,37663,0,0,AR,1465,7942,1,1,1466,7943,AR,1675,16,0,20939,5359921,117031,0,19870769
202,2021-01-16,AR,516,242759,0,98,38989,0,0,AR,840,31743,0,8,840,31751,AR,5605,19,0,47619,5399989,117232,0,20260688
203,2021-01-31,AR,369,250619,0,79,40589,0,0,AR,2,39694,94,14290,96,53984,AR,3913,148,0,31756,1961610,51649,0,5516162
204,2021-01-31,AR,369,250619,0,79,40589,0,0,AR,2,39694,94,14290,96,53984,AR,17132,160,0,57534,2393888,59393,0,7700031
205,2021-01-31,AR,369,250619,0,79,40589,0,0,AR,2,39694,94,14290,96,53984,AR,37346,642,0,79426,3879230,84940,0,11507761
206,2021-01-31,AR,369,250619,0,79,40589,0,0,AR,2,39694,94,14290,96,53984,AR,8643,197,0,45555,4987956,109886,0,15075983
207,2021-01-31,AR,369,250619,0,79,40589,0,0,AR,2,39694,94,14290,96,53984,AR,4777,84,0,60664,5221541,114625,0,16807928
208,2021-01-31,AR,369,250619,0,79,40589,0,0,AR,2,39694,94,14290,96,53984,AR,533,9,0,13693,5309442,116643,0,18940859
209,2021-01-31,AR,369,250619,0,79,40589,0,0,AR,2,39694,94,14290,96,53984,AR,45805,26,0,105720,5764251,117600,0,21385471
210,2021-01-10,AR,557,239135,0,95,38307,0,0,AR,172,18800,0,5,172,18805,AR,5174,165,0,22146,1760759,47938,0,4674675
211,2021-01-10,AR,557,239135,0,95,38307,0,0,AR,172,18800,0,5,172,18805,AR,7118,156,0,43321,2034429,53175,0,5915468
212,2021-01-10,AR,557,239135,0,95,38307,0,0,AR,172,18800,0,5,172,18805,AR,7990,124,0,39072,2203883,56672,0,6897393
213,2021-01-10,AR,557,239135,0,95,38307,0,0,AR,172,18800,0,5,172,18805,AR,18328,268,0,57505,2586850,61417,0,8292384
214,2021-01-10,AR,557,239135,0,95,38307,0,0,AR,172,18800,0,5,172,18805,AR,27596,471,0,63632,3251740,73645,0,10071531
215,2021-01-10,AR,557,239135,0,95,38307,0,0,AR,172,18800,0,5,172,18805,AR,26385,544,0,70943,4157128,91045,0,12214271
216,2021-01-10,AR,557,239135,0,95,38307,0,0,AR,172,18800,0,5,172,18805,AR,12592,302,0,44874,4707359,104319,0,13878041
217,2021-01-10,AR,557,239135,0,95,38307,0,0,AR,172,18800,0,5,172,18805,AR,10873,179,0,66232,5097115,111816,0,15666584
218,2021-01-10,AR,557,239135,0,95,38307,0,0,AR,172,18800,0,5,172,18805,AR,2358,74,0,48964,5251002,115393,0,17261428
219,2021-01-10,AR,557,239135,0,95,38307,0,0,AR,172,18800,0,5,172,18805,AR,382,15,0,16461,5287720,116371,0,18280543
220,2021-01-10,AR,557,239135,0,95,38307,0,0,AR,172,18800,0,5,172,18805,AR,1450,9,0,32232,5321240,116733,0,19231303
221,2021-01-10,AR,557,239135,0,95,38307,0,0,AR,172,18800,0,5,172,18805,AR,3416,11,0,36941,5375688,117119,0,20048914
222,2021-01-15,AR,574,242243,0,116,38891,0,0,AR,2440,30903,2,8,2442,30911,AR,11378,191,0,48976,1823501,48775,0,4902059
223,2021-01-15,AR,574,242243,0,116,38891,0,0,AR,2440,30903,2,8,2442,30911,AR,3889,142,0,30062,2060283,53838,0,6085770
224,2021-01-15,AR,574,242243,0,116,38891,0,0,AR,2440,30903,2,8,2442,30911,AR,8123,132,0,39085,2236081,57294,0,7063416
225,2021-01-15,AR,574,242243,0,116,38891,0,0,AR,2440,30903,2,8,2442,30911,AR,26240,309,0,77340,2706838,62782,0,8617573
226,2021-01-15,AR,574,242243,0,116,38891,0,0,AR,2440,30903,2,8,2442,30911,AR,20514,466,0,51300,3385034,75994,0,10396365
227,2021-01-15,AR,574,242243,0,116,38891,0,0,AR,2440,30903,2,8,2442,30911,AR,25076,512,0,68828,4264070,93874,0,12505234
228,2021-01-15,AR,574,242243,0,116,38891,0,0,AR,2440,30903,2,8,2442,30911,AR,16313,287,0,67976,4786844,105847,0,14181319
229,2021-01-15,AR,574,242243,0,116,38891,0,0,AR,2440,30903,2,8,2442,30911,AR,3040,162,0,25016,5132986,112674,0,15931685
230,2021-01-15,AR,574,242243,0,116,38891,0,0,AR,2440,30903,2,8,2442,30911,AR,2098,40,0,45463,5259819,115680,0,17455355
231,2021-01-15,AR,574,242243,0,116,38891,0,0,AR,2440,30903,2,8,2442,30911,AR,1130,13,0,34644,5292894,116441,0,18455950
232,2021-01-15,AR,574,242243,0,116,38891,0,0,AR,2440,30903,2,8,2442,30911,AR,1627,8,0,33153,5327390,116777,0,19359718
233,2021-01-15,AR,574,242243,0,116,38891,0,0,AR,2440,30903,2,8,2442,30911,AR,5101,24,0,43581,5394384,117213,0,20213069
234,2021-01-29,AR,529,249859,0,110,40434,0,0,AR,197,39672,3090,13048,3287,52720,AR,8714,152,0,41637,1951317,51334,0,5448207
235,2021-01-29,AR,529,249859,0,110,40434,0,0,AR,197,39672,3090,13048,3287,52720,AR,14761,160,0,49976,2360777,59087,0,7588591
236,2021-01-29,AR,529,249859,0,110,40434,0,0,AR,197,39672,3090,13048,3287,52720,AR,23507,450,0,69405,3029903,68597,0,9481098
237,2021-01-29,AR,529,249859,0,110,40434,0,0,AR,197,39672,3090,13048,3287,52720,AR,25121,570,0,58191,3827207,83683,0,11393751
238,2021-01-29,AR,529,249859,0,110,40434,0,0,AR,197,39672,3090,13048,3287,52720,AR,20778,421,0,60420,4524962,100303,0,13256428
239,2021-01-29,AR,529,249859,0,110,40434,0,0,AR,197,39672,3090,13048,3287,52720,AR,13535,221,0,59778,4965747,109473,0,14964191
240,2021-01-29,AR,529,249859,0,110,40434,0,0,AR,197,39672,3090,13048,3287,52720,AR,1746,102,0,24772,5211240,114438,0,16685831
241,2021-01-29,AR,529,249859,0,110,40434,0,0,AR,197,39672,3090,13048,3287,52720,AR,1304,25,0,38720,5278768,116185,0,17964436
242,2021-01-29,AR,529,249859,0,110,40434,0,0,AR,197,39672,3090,13048,3287,52720,AR,1258,11,0,34036,5308063,116629,0,18905801
243,2021-01-29,AR,529,249859,0,110,40434,0,0,AR,197,39672,3090,13048,3287,52720,AR,2313,14,0,31948,5348940,116954,0,19723636
244,2021-01-29,AR,529,249859,0,110,40434,0,0,AR,197,39672,3090,13048,3287,52720,AR,59711,33,0,149689,5654712,117529,0,21117017
245,2021-01-11,AR,619,239754,0,116,38423,0,0,AR,2644,21444,1,6,2645,21450,AR,13076,170,0,42942,1773835,48108,0,4717617
246,2021-01-11,AR,619,239754,0,116,38423,0,0,AR,2644,21444,1,6,2645,21450,AR,7165,125,0,40901,2041594,53300,0,5956369
247,2021-01-11,AR,619,239754,0,116,38423,0,0,AR,2644,21444,1,6,2645,21450,AR,7918,122,0,37609,2211801,56794,0,6935002
248,2021-01-11,AR,619,239754,0,116,38423,0,0,AR,2644,21444,1,6,2645,21450,AR,11609,207,0,35620,2598459,61624,0,8328004
249,2021-01-11,AR,619,239754,0,116,38423,0,0,AR,2644,21444,1,6,2645,21450,AR,28181,467,0,67499,3279921,74112,0,10139030
250,2021-01-11,AR,619,239754,0,116,38423,0,0,AR,2644,21444,1,6,2645,21450,AR,26108,601,0,72023,4183236,91646,0,12286294
251,2021-01-11,AR,619,239754,0,116,38423,0,0,AR,2644,21444,1,6,2645,21450,AR,7274,311,0,26794,4714633,104630,0,13904835
252,2021-01-11,AR,619,239754,0,116,38423,0,0,AR,2644,21444,1,6,2645,21450,AR,10149,180,0,67867,5107264,111996,0,15734451
253,2021-01-11,AR,619,239754,0,116,38423,0,0,AR,2644,21444,1,6,2645,21450,AR,1436,50,0,33087,5252438,115443,0,17294515
254,2021-01-11,AR,619,239754,0,116,38423,0,0,AR,2644,21444,1,6,2645,21450,AR,529,18,0,20384,5288249,116389,0,18300927
255,2021-01-11,AR,619,239754,0,116,38423,0,0,AR,2644,21444,1,6,2645,21450,AR,1456,16,0,31093,5322696,116749,0,19262396
256,2021-01-11,AR,619,239754,0,116,38423,0,0,AR,2644,21444,1,6,2645,21450,AR,2561,22,0,23225,5378249,117141,0,20072139
257,2021-01-08,AR,622,238025,0,112,38115,0,0,AR,3818,17208,2,5,3820,17213,AR,13931,162,0,46347,1745626,47615,0,4615474
258,2021-01-08,AR,622,238025,0,112,38115,0,0,AR,3818,17208,2,5,3820,17213,AR,7379,120,0,41698,2019553,52881,0,5828856
259,2021-01-08,AR,622,238025,0,112,38115,0,0,AR,3818,17208,2,5,3820,17213,AR,7188,121,0,34791,2188491,56412,0,6820646
260,2021-01-08,AR,622,238025,0,112,38115,0,0,AR,3818,17208,2,5,3820,17213,AR,26121,233,0,76038,2542632,60941,0,8161801
261,2021-01-08,AR,622,238025,0,112,38115,0,0,AR,3818,17208,2,5,3820,17213,AR,15822,474,0,41813,3214661,72734,0,9980805
262,2021-01-08,AR,622,238025,0,112,38115,0,0,AR,3818,17208,2,5,3820,17213,AR,29839,637,0,75779,4102714,89915,0,12070290
263,2021-01-08,AR,622,238025,0,112,38115,0,0,AR,3818,17208,2,5,3820,17213,AR,19256,373,0,73129,4683267,103674,0,13790511
264,2021-01-08,AR,622,238025,0,112,38115,0,0,AR,3818,17208,2,5,3820,17213,AR,4543,179,0,28925,5074035,111446,0,15535022
265,2021-01-08,AR,622,238025,0,112,38115,0,0,AR,3818,17208,2,5,3820,17213,AR,2529,54,0,43126,5246156,115241,0,17169025
266,2021-01-08,AR,622,238025,0,112,38115,0,0,AR,3818,17208,2,5,3820,17213,AR,492,8,0,19934,5286833,116339,0,18244887
267,2021-01-08,AR,622,238025,0,112,38115,0,0,AR,3818,17208,2,5,3820,17213,AR,1332,8,0,30700,5318475,116711,0,19166545
268,2021-01-08,AR,622,238025,0,112,38115,0,0,AR,3818,17208,2,5,3820,17213,AR,1656,12,0,19988,5368629,117092,0,19975391
269,2021-01-02,AR,575,234161,0,105,37468,0,0,AR,410,6425,0,0,410,6425,AR,7766,166,0,25659,1670546,46688,0,4364167
270,2021-01-12,AR,626,240380,0,124,38547,0,0,AR,2621,24065,0,6,2621,24071,AR,12787,172,0,44014,1786622,48280,0,4761631
271,2021-01-02,AR,575,234161,0,105,37468,0,0,AR,410,6425,0,0,410,6425,AR,9147,161,0,49553,1979691,51971,0,5611680
272,2021-01-12,AR,626,240380,0,124,38547,0,0,AR,2621,24065,0,6,2621,24071,AR,7182,122,0,42713,2048776,53422,0,5999082
273,2021-01-02,AR,575,234161,0,105,37468,0,0,AR,410,6425,0,0,410,6425,AR,7244,141,0,37843,2151986,55716,0,6633764
274,2021-01-12,AR,626,240380,0,124,38547,0,0,AR,2621,24065,0,6,2621,24071,AR,7892,146,0,40583,2219693,56940,0,6975585
275,2021-01-02,AR,575,234161,0,105,37468,0,0,AR,410,6425,0,0,410,6425,AR,11232,176,0,35260,2419414,59704,0,7783015
276,2021-01-12,AR,626,240380,0,124,38547,0,0,AR,2621,24065,0,6,2621,24071,AR,27063,261,0,69686,2625522,61885,0,8397690
277,2021-01-02,AR,575,234161,0,105,37468,0,0,AR,410,6425,0,0,410,6425,AR,9090,460,0,27548,3075678,70018,0,9610224
278,2021-01-12,AR,626,240380,0,124,38547,0,0,AR,2621,24065,0,6,2621,24071,AR,26798,451,0,64507,3306719,74563,0,10203537
279,2021-01-02,AR,575,234161,0,105,37468,0,0,AR,410,6425,0,0,410,6425,AR,33000,639,0,80743,3947455,86173,0,11671996
280,2021-01-12,AR,626,240380,0,124,38547,0,0,AR,2621,24065,0,6,2621,24071,AR,16342,557,0,46136,4199578,92203,0,12332430
281,2021-01-02,AR,575,234161,0,105,37468,0,0,AR,410,6425,0,0,410,6425,AR,18927,399,0,64848,4583402,101478,0,13443078
282,2021-01-12,AR,626,240380,0,124,38547,0,0,AR,2621,24065,0,6,2621,24071,AR,19880,308,0,69725,4734513,104938,0,13974560
283,2021-01-02,AR,575,234161,0,105,37468,0,0,AR,410,6425,0,0,410,6425,AR,15558,187,0,74004,5008801,110268,0,15177816
284,2021-01-12,AR,626,240380,0,124,38547,0,0,AR,2621,24065,0,6,2621,24071,AR,8915,176,0,64517,5116179,112172,0,15798968
285,2021-01-02,AR,575,234161,0,105,37468,0,0,AR,410,6425,0,0,410,6425,AR,3900,94,0,51516,5229716,114815,0,16917682
286,2021-01-12,AR,626,240380,0,124,38547,0,0,AR,2621,24065,0,6,2621,24071,AR,772,73,0,18601,5253210,115516,0,17313116
287,2021-01-02,AR,575,234161,0,105,37468,0,0,AR,410,6425,0,0,410,6425,AR,600,23,0,21705,5281887,116246,0,18061361
288,2021-01-12,AR,626,240380,0,124,38547,0,0,AR,2621,24065,0,6,2621,24071,AR,1160,15,0,40496,5289409,116404,0,18341423
289,2021-01-02,AR,575,234161,0,105,37468,0,0,AR,410,6425,0,0,410,6425,AR,1253,12,0,33047,5311937,116665,0,19006584
290,2021-01-12,AR,626,240380,0,124,38547,0,0,AR,2621,24065,0,6,2621,24071,AR,1526,7,0,32344,5324222,116756,0,19294740
291,2021-01-02,AR,575,234161,0,105,37468,0,0,AR,410,6425,0,0,410,6425,AR,2550,17,0,34257,5356019,116998,0,19821473
292,2021-01-12,AR,626,240380,0,124,38547,0,0,AR,2621,24065,0,6,2621,24071,AR,1708,23,0,16662,5379957,117164,0,20088801
293,2021-01-14,AR,611,241669,0,97,38775,0,0,AR,2243,28463,0,6,2243,28469,AR,12129,149,0,44300,1812123,48584,0,4853083
294,2021-01-14,AR,611,241669,0,97,38775,0,0,AR,2243,28463,0,6,2243,28469,AR,2716,126,0,22607,2056394,53696,0,6055708
295,2021-01-14,AR,611,241669,0,97,38775,0,0,AR,2243,28463,0,6,2243,28469,AR,3079,108,0,19281,2227958,57162,0,7024331
296,2021-01-14,AR,611,241669,0,97,38775,0,0,AR,2243,28463,0,6,2243,28469,AR,27394,288,0,69251,2680598,62473,0,8540233
297,2021-01-14,AR,611,241669,0,97,38775,0,0,AR,2243,28463,0,6,2243,28469,AR,29526,497,0,73767,3364520,75528,0,10345065
298,2021-01-14,AR,611,241669,0,97,38775,0,0,AR,2243,28463,0,6,2243,28469,AR,29138,587,0,74951,4238994,93362,0,12436406
299,2021-01-14,AR,611,241669,0,97,38775,0,0,AR,2243,28463,0,6,2243,28469,AR,17306,314,0,68581,4770531,105560,0,14113343
300,2021-01-14,AR,611,241669,0,97,38775,0,0,AR,2243,28463,0,6,2243,28469,AR,5332,178,0,41163,5129946,112512,0,15906669
301,2021-01-14,AR,611,241669,0,97,38775,0,0,AR,2243,28463,0,6,2243,28469,AR,2099,51,0,47766,5257721,115640,0,17409892
302,2021-01-14,AR,611,241669,0,97,38775,0,0,AR,2243,28463,0,6,2243,28469,AR,1159,10,0,37494,5291764,116428,0,18421306
303,2021-01-14,AR,611,241669,0,97,38775,0,0,AR,2243,28463,0,6,2243,28469,AR,556,4,0,11493,5325763,116769,0,19326565
304,2021-01-14,AR,611,241669,0,97,38775,0,0,AR,2243,28463,0,6,2243,28469,AR,4825,12,0,42353,5389283,117189,0,20169488
305,2021-01-13,AR,678,241058,0,131,38678,0,0,AR,2155,26220,0,6,2155,26226,AR,13372,155,0,47152,1799994,48435,0,4808783
306,2021-01-13,AR,678,241058,0,131,38678,0,0,AR,2155,26220,0,6,2155,26226,AR,4902,148,0,34019,2053678,53570,0,6033101
307,2021-01-13,AR,678,241058,0,131,38678,0,0,AR,2155,26220,0,6,2155,26226,AR,5186,114,0,29465,2224879,57054,0,7005050
308,2021-01-13,AR,678,241058,0,131,38678,0,0,AR,2155,26220,0,6,2155,26226,AR,27682,300,0,73292,2653204,62185,0,8470982
309,2021-01-13,AR,678,241058,0,131,38678,0,0,AR,2155,26220,0,6,2155,26226,AR,28275,468,0,67761,3334994,75031,0,10271298
310,2021-01-13,AR,678,241058,0,131,38678,0,0,AR,2155,26220,0,6,2155,26226,AR,10278,572,0,29025,4209856,92775,0,12361455
311,2021-01-13,AR,678,241058,0,131,38678,0,0,AR,2155,26220,0,6,2155,26226,AR,18712,308,0,70202,4753225,105246,0,14044762
312,2021-01-13,AR,678,241058,0,131,38678,0,0,AR,2155,26220,0,6,2155,26226,AR,8435,162,0,66538,5124614,112334,0,15865506
313,2021-01-13,AR,678,241058,0,131,38678,0,0,AR,2155,26220,0,6,2155,26226,AR,2412,73,0,49010,5255622,115589,0,17362126
314,2021-01-13,AR,678,241058,0,131,38678,0,0,AR,2155,26220,0,6,2155,26226,AR,1196,14,0,42389,5290605,116418,0,18383812
315,2021-01-13,AR,678,241058,0,131,38678,0,0,AR,2155,26220,0,6,2155,26226,AR,985,9,0,20332,5325207,116765,0,19315072
316,2021-01-13,AR,678,241058,0,131,38678,0,0,AR,2155,26220,0,6,2155,26226,AR,4501,13,0,38334,5384458,117177,0,20127135
317,2021-01-17,AR,486,243245,0,87,39076,0,0,AR,143,31886,1,9,144,31895,AR,4950,180,0,25656,1836877,49129,0,4966034
318,2021-01-17,AR,486,243245,0,87,39076,0,0,AR,143,31886,1,9,144,31895,AR,7887,131,0,46050,2071720,54074,0,6163563
319,2021-01-17,AR,486,243245,0,87,39076,0,0,AR,143,31886,1,9,144,31895,AR,8213,117,0,39786,2252815,57515,0,7144103
320,2021-01-17,AR,486,243245,0,87,39076,0,0,AR,143,31886,1,9,144,31895,AR,18286,352,0,52457,2752777,63485,0,8748645
321,2021-01-17,AR,486,243245,0,87,39076,0,0,AR,143,31886,1,9,144,31895,AR,37308,537,0,86801,3435353,76986,0,10514206
322,2021-01-17,AR,486,243245,0,87,39076,0,0,AR,143,31886,1,9,144,31895,AR,20568,538,0,64040,4307688,94935,0,12637210
323,2021-01-17,AR,486,243245,0,87,39076,0,0,AR,143,31886,1,9,144,31895,AR,9880,292,0,44300,4812623,106439,0,14293189
324,2021-01-17,AR,486,243245,0,87,39076,0,0,AR,143,31886,1,9,144,31895,AR,9560,178,0,66857,5147149,112999,0,16033722
325,2021-01-17,AR,486,243245,0,87,39076,0,0,AR,143,31886,1,9,144,31895,AR,1974,46,0,45345,5263832,115775,0,17544631
326,2021-01-17,AR,486,243245,0,87,39076,0,0,AR,143,31886,1,9,144,31895,AR,338,21,0,15388,5293851,116476,0,18495809
327,2021-01-17,AR,486,243245,0,87,39076,0,0,AR,143,31886,1,9,144,31895,AR,1517,5,0,32155,5330326,116798,0,19422588
328,2021-01-17,AR,486,243245,0,87,39076,0,0,AR,143,31886,1,9,144,31895,AR,5965,19,0,46102,5405954,117251,0,20306790
329,2021-01-20,AR,606,245004,0,130,39422,0,0,AR,849,35319,1936,2689,2785,38008,AR,11375,194,0,45357,1872304,49679,0,5105396
330,2021-01-28,AR,501,249330,0,108,40324,0,0,AR,229,39475,2062,9958,2291,49433,AR,9264,168,0,40371,1942603,51182,0,5406570
331,2021-01-20,AR,606,245004,0,130,39422,0,0,AR,849,35319,1936,2689,2785,38008,AR,4883,115,0,33097,2091940,54467,0,6287427
332,2021-01-28,AR,501,249330,0,108,40324,0,0,AR,229,39475,2062,9958,2291,49433,AR,2552,117,0,23539,2137278,55452,0,6559900
333,2021-01-20,AR,606,245004,0,130,39422,0,0,AR,849,35319,1936,2689,2785,38008,AR,5853,129,0,28109,2274937,57881,0,7251379
334,2021-01-28,AR,501,249330,0,108,40324,0,0,AR,229,39475,2062,9958,2291,49433,AR,5848,137,0,23626,2346016,58927,0,7538615
335,2021-01-20,AR,606,245004,0,130,39422,0,0,AR,849,35319,1936,2689,2785,38008,AR,29262,368,0,75870,2823689,64643,0,8933951
336,2021-01-28,AR,501,249330,0,108,40324,0,0,AR,229,39475,2062,9958,2291,49433,AR,23912,443,0,64004,3006396,68147,0,9411693
337,2021-01-20,AR,606,245004,0,130,39422,0,0,AR,849,35319,1936,2689,2785,38008,AR,36742,535,0,88814,3549366,78536,0,10779529
338,2021-01-28,AR,501,249330,0,108,40324,0,0,AR,229,39475,2062,9958,2291,49433,AR,38944,601,0,87687,3802086,83113,0,11335560
339,2021-01-20,AR,606,245004,0,130,39422,0,0,AR,849,35319,1936,2689,2785,38008,AR,7025,464,0,21720,4348533,96462,0,12760886
340,2021-01-28,AR,501,249330,0,108,40324,0,0,AR,229,39475,2062,9958,2291,49433,AR,22441,397,0,57913,4504184,99882,0,13196008
341,2021-01-20,AR,606,245004,0,130,39422,0,0,AR,849,35319,1936,2689,2785,38008,AR,14404,294,0,62205,4848674,107293,0,14445747
342,2021-01-28,AR,501,249330,0,108,40324,0,0,AR,229,39475,2062,9958,2291,49433,AR,13692,215,0,61177,4952212,109252,0,14904413
343,2021-01-20,AR,606,245004,0,130,39422,0,0,AR,849,35319,1936,2689,2785,38008,AR,7300,147,0,66131,5170572,113428,0,16233135
344,2021-01-28,AR,501,249330,0,108,40324,0,0,AR,229,39475,2062,9958,2291,49433,AR,2988,123,0,38790,5209494,114336,0,16661059
345,2021-01-20,AR,606,245004,0,130,39422,0,0,AR,849,35319,1936,2689,2785,38008,AR,2106,36,0,45920,5267505,115910,0,17638899
346,2021-01-28,AR,501,249330,0,108,40324,0,0,AR,229,39475,2062,9958,2291,49433,AR,1328,24,0,42253,5277464,116160,0,17925716
347,2021-01-20,AR,606,245004,0,130,39422,0,0,AR,849,35319,1936,2689,2785,38008,AR,1241,11,0,37574,5297464,116512,0,18611435
348,2021-01-28,AR,501,249330,0,108,40324,0,0,AR,229,39475,2062,9958,2291,49433,AR,1285,18,0,34594,5306805,116618,0,18871765
349,2021-01-20,AR,606,245004,0,130,39422,0,0,AR,849,35319,1936,2689,2785,38008,AR,951,15,0,19313,5334375,116838,0,19504232
350,2021-01-28,AR,501,249330,0,108,40324,0,0,AR,229,39475,2062,9958,2291,49433,AR,916,13,0,13457,5346627,116940,0,19691688
351,2021-01-20,AR,606,245004,0,130,39422,0,0,AR,849,35319,1936,2689,2785,38008,AR,9501,21,0,52473,5422904,117302,0,20412050
352,2021-01-28,AR,501,249330,0,108,40324,0,0,AR,229,39475,2062,9958,2291,49433,AR,50165,34,0,127203,5595001,117496,0,20967328
353,2021-01-06,AR,680,236754,0,127,37903,0,0,AR,1451,10907,0,1,1451,10908,AR,14460,131,0,48793,1717975,47293,0,4524393
354,2021-01-06,AR,680,236754,0,127,37903,0,0,AR,1451,10907,0,1,1451,10908,AR,5117,147,0,29780,2009264,52603,0,5766369
355,2021-01-06,AR,680,236754,0,127,37903,0,0,AR,1451,10907,0,1,1451,10908,AR,4757,94,0,25890,2178566,56184,0,6768676
356,2021-01-06,AR,680,236754,0,127,37903,0,0,AR,1451,10907,0,1,1451,10908,AR,25198,211,0,76893,2490285,60470,0,8005308
357,2021-01-06,AR,680,236754,0,127,37903,0,0,AR,1451,10907,0,1,1451,10908,AR,22491,461,0,61794,3175593,71809,0,9873776
358,2021-01-06,AR,680,236754,0,127,37903,0,0,AR,1451,10907,0,1,1451,10908,AR,11704,610,0,32412,4040827,88647,0,11915866
359,2021-01-06,AR,680,236754,0,127,37903,0,0,AR,1451,10907,0,1,1451,10908,AR,19396,359,0,69080,4645222,102946,0,13649240
360,2021-01-06,AR,680,236754,0,127,37903,0,0,AR,1451,10907,0,1,1451,10908,AR,12620,210,0,72207,5061979,111097,0,15462875
361,2021-01-06,AR,680,236754,0,127,37903,0,0,AR,1451,10907,0,1,1451,10908,AR,3681,75,0,53247,5240567,115124,0,17075413
362,2021-01-06,AR,680,236754,0,127,37903,0,0,AR,1451,10907,0,1,1451,10908,AR,1027,16,0,38310,5285480,116311,0,18191284
363,2021-01-06,AR,680,236754,0,127,37903,0,0,AR,1451,10907,0,1,1451,10908,AR,849,8,0,19327,5316567,116695,0,19122568
364,2021-01-06,AR,680,236754,0,127,37903,0,0,AR,1451,10907,0,1,1451,10908,AR,2971,16,0,34786,5363984,117061,0,19920900
